{
  "version": "2.1",
  "calibration_date": "2025-12-29T20:40:55.489644",
  "scale": {
    "pixels_per_meter": 886.0159301757812,
    "marker_size_m": 0.1
  },
  "projector": {
    "width": 1024,
    "height": 768,
    "margin": 50
  }
}