{
  "version": "2.1",
  "calibration_date": "2026-01-06T17:00:02.490167",
  "scale": {
    "pixels_per_meter": 671.7033081054688,
    "marker_size_m": 0.1
  },
  "projector": {
    "width": 1024,
    "height": 768,
    "margin": 50
  }
}